first_name, last_name, email, address
('Sela','Harse','sharse0@prnewswire.com','Room 592'),
('Layney','Turfes','lturfes1@msu.edu','PO Box 25495'),
('Archie','Kasparski','akasparski2@phoca.cz','Room 1134'),
('Johna','Rizon','jrizon3@wsj.com','Apt 1965'),
('Anet','Trevaskiss','atrevaskiss4@cornell.edu','16th Floor'),
('Sebastien','Vinton','svinton5@biblegateway.com','Room 1518'),
('Steve','Reboul','sreboul6@acquirethisname.com','PO Box 15866'),
('Wilmer','Gladhill','wgladhill7@bandcamp.com','Apt 344'),
('Staci','Coverdill','scoverdill8@salon.com','19th Floor'),
('Hanny','Spring','hspring9@sitemeter.com','Room 540'),
('Mitch','Tompkiss','mtompkissa@baidu.com','PO Box 86589'),
('Shaylynn','Wilkie','swilkieb@miitbeian.gov.cn','Suite 15'),
('Saw','McIlhagga','smcilhaggac@nationalgeographic.com','3rd Floor'),
('Billi','Spracklin','bspracklind@netlog.com','Suite 51'),
('Ludvig','Wellbeloved','lwellbelovede@homestead.com','Apt 1787'),
('Pris','Bambra','pbambraf@nydailynews.com','Room 408'),
('Hilliary','Colbran','hcolbrang@uiuc.edu','Room 1072'),
('Finlay','Alphonso','falphonsoh@ucla.edu','PO Box 70282'),
('Coleen','Asman','casmani@samsung.com','Apt 1079'),
('Warner','Rouff','wrouffj@themeforest.net','Apt 1967'),
('Constantin','Swaine','cswainek@fc2.com','Apt 1550'),
('Dermot','Burbridge','dburbridgel@smugmug.com','Apt 852'),
('Bonny','Zeale','bzealem@answers.com','Apt 1792'),
('Caril','Miche','cmichen@businessinsider.com','Room 1220'),
('Burty','McKennan','bmckennano@mac.com','Suite 96'),
('Ciel','O''Dooghaine','codooghainep@furl.net','Room 1277'),
('Tabor','Hallwood','thallwoodq@elegantthemes.com','7th Floor'),
('Othelia','Shurlock','oshurlockr@phpbb.com','Suite 87'),
('Emelina','Athow','eathows@vkontakte.ru','Apt 1962'),
('Oran','Bold','oboldt@imdb.com','Suite 85'),
('Phillipp','Ferentz','pferentzu@theguardian.com','Room 270'),
('Georgianne','Skaid','gskaidv@artisteer.com','Room 1229'),
('Tressa','Crisp','tcrispw@dion.ne.jp','Apt 8'),
('Wally','Altofts','waltoftsx@odnoklassniki.ru','Apt 1156'),
('Francklyn','Wolverson','fwolversony@homestead.com','Suite 5'),
('Steffie','Sicely','ssicelyz@about.me','PO Box 98630'),
('Myrta','Grassot','mgrassot10@engadget.com','Apt 1111'),
('Cinnamon','Valentelli','cvalentelli11@wiley.com','5th Floor'),
('Ethelin','Stringman','estringman12@bandcamp.com','Room 1628'),
('Emlyn','Whelan','ewhelan13@networkadvertising.org','PO Box 53109'),
('Shepard','Delgua','sdelgua14@pinterest.com','7th Floor'),
('Elwin','Gerrans','egerrans15@yellowbook.com','Room 1023'),
('Trude','Tomowicz','ttomowicz16@globo.com','Room 1329'),
('Sampson','Benjamin','sbenjamin17@alexa.com','Room 800'),
('Earlie','Matthis','ematthis18@microsoft.com','Apt 5'),
('Billie','Brosoli','bbrosoli19@fotki.com','Suite 58'),
('Fiann','Kliemke','fkliemke1a@statcounter.com','Suite 82'),
('Shelby','Papaccio','spapaccio1b@slate.com','Apt 1669'),
('Emyle','Staddom','estaddom1c@comsenz.com','13th Floor'),
('Junina','Barnicott','jbarnicott1d@biblegateway.com','Suite 69'),
('Lolita','Geockle','lgeockle1e@smh.com.au','Apt 1321'),
('Shina','Pavitt','spavitt1f@woothemes.com','Suite 53'),
('Von','Broadberry','vbroadberry1g@cbc.ca','Suite 55'),
('Andra','Renneke','arenneke1h@mashable.com','Apt 1952');
